Customer Name,Sales,Profit,Orders,Performance
Aaron Bergman,886.156,129.3465,3,Low Sales - Low Profit
Aaron Hawkins,1744.7,365.2152,7,Low Sales - High Profit
Aaron Smayling,3050.692,-253.57459999999998,7,High Sales - Low Profit
Adam Bellavance,7755.62,2054.5885,8,High Sales - High Profit
Adam Hart,3250.337,281.189,10,High Sales - High Profit
Adam Shillingsburg,3255.31,64.53739999999998,9,High Sales - Low Profit
Adrian Barton,14473.570999999998,5444.8055,10,High Sales - High Profit
Adrian Hane,1735.5140000000001,-2.3145999999999773,7,Low Sales - Low Profit
Adrian Shami,58.82,21.8496,2,Low Sales - Low Profit
Aimee Bixby,966.71,313.6597,5,Low Sales - High Profit
Alan Barnes,1113.838,220.813,8,Low Sales - Low Profit
Alan Dominguez,6106.88,1869.9294,8,High Sales - High Profit
Alan Haines,1587.452,-378.5509,4,Low Sales - Low Profit
Alan Hwang,4805.344,1308.5546,9,High Sales - High Profit
Alan Schoenberger,4260.784,719.7751000000001,5,High Sales - High Profit
Alan Shonely,584.6080000000001,33.715799999999994,7,Low Sales - Low Profit
Alejandro Ballentine,914.5319999999999,264.5675,9,Low Sales - High Profit
Alejandro Grove,2582.898,732.7399,5,High Sales - High Profit
Alejandro Savely,3214.236,354.62760000000003,6,High Sales - High Profit
Aleksandra Gannaway,367.548,59.288399999999996,4,Low Sales - Low Profit
Alex Avila,5563.56,-362.8825,5,High Sales - Low Profit
Alex Grayson,660.972,-5.137100000000006,5,Low Sales - Low Profit
Alex Russell,1055.694,-221.0544,4,Low Sales - Low Profit
Alice McCarthy,814.012,194.9878,5,Low Sales - Low Profit
Allen Armold,1056.39,277.3824,9,Low Sales - High Profit
Allen Goldenen,200.945,69.2784,5,Low Sales - Low Profit
Allen Rosenblatt,2236.128,-98.7646,5,Low Sales - Low Profit
Alyssa Crouse,925.8,-62.1342,3,Low Sales - Low Profit
Alyssa Tate,1171.814,100.87680000000002,6,Low Sales - Low Profit
Amy Cox,5527.846,1366.0098,7,High Sales - High Profit
Amy Hunt,2495.3916,-196.12009999999998,5,High Sales - Low Profit
Andrew Allen,1790.5120000000002,435.8274,4,Low Sales - High Profit
Andrew Gjertsen,2356.855,295.6668,8,High Sales - High Profit
Andrew Roberts,264.86400000000003,43.6695,5,Low Sales - Low Profit
Andy Gerbode,1455.038,-152.7613,4,Low Sales - Low Profit
Andy Reiter,6608.448,2884.6208,6,High Sales - High Profit
Andy Yotov,497.014,103.3499,4,Low Sales - Low Profit
Anemone Ratner,88.15,32.633,1,Low Sales - Low Profit
Angele Hood,738.504,83.96300000000001,4,Low Sales - Low Profit
Ann Blume,1515.862,-274.9604,4,Low Sales - Low Profit
Ann Chong,2537.6859999999997,298.8273,5,High Sales - High Profit
Ann Steele,833.398,136.49190000000002,7,Low Sales - Low Profit
Anna Andreadi,5086.9349999999995,857.8033,6,High Sales - High Profit
Anna Chung,657.316,-28.700399999999995,5,Low Sales - Low Profit
Anna Gayman,3489.0396000000005,-246.42570000000003,7,High Sales - Low Profit
Anna Häberlin,7888.294,1298.0166,12,High Sales - High Profit
Anne McFarland,5664.022,1085.7326,8,High Sales - High Profit
Anne Pryor,1638.554,285.7888,8,Low Sales - High Profit
Annie Thurman,3831.864,974.107,10,High Sales - High Profit
Annie Zypern,1622.0179999999998,154.9503,6,Low Sales - Low Profit
Anthony Garverick,170.584,-8.431000000000001,4,Low Sales - Low Profit
Anthony Jacobs,4867.344,150.71300000000005,7,High Sales - Low Profit
Anthony Johnson,4501.391,1158.7064,7,High Sales - High Profit
Anthony O'Donnell,161.28,12.096,1,Low Sales - Low Profit
Anthony Rawles,4523.336,494.83519999999993,8,High Sales - High Profit
Anthony Witt,649.376,65.77250000000001,4,Low Sales - Low Profit
Arianne Irving,4375.786,867.7271000000001,10,High Sales - High Profit
Art Ferguson,2052.908,317.9712,7,Low Sales - High Profit
Art Foster,861.565,-163.1175,4,Low Sales - Low Profit
Arthur Gainer,4510.797,343.6824,10,High Sales - High Profit
Arthur Prichep,3323.556,579.3113,10,High Sales - High Profit
Arthur Wiediger,2852.968,-104.5486,7,High Sales - Low Profit
Ashley Jarboe,1839.24,521.1351999999999,7,Low Sales - High Profit
Astrea Jones,629.2479999999999,60.4265,3,Low Sales - Low Profit
Barbara Fisher,599.798,227.4384,7,Low Sales - Low Profit
Barry Blumstein,744.3399999999999,11.583900000000007,5,Low Sales - Low Profit
Barry Franz,1333.88,-291.38109999999995,4,Low Sales - Low Profit
Barry Französisch,2888.506,302.02,8,High Sales - High Profit
Barry Gonzalez,2798.948,-711.4274,8,High Sales - Low Profit
Barry Pond,983.42,209.78300000000002,5,Low Sales - Low Profit
Barry Weirich,385.516,-58.28659999999999,3,Low Sales - Low Profit
Bart Folk,272.95,110.9272,3,Low Sales - Low Profit
Bart Pistole,2442.044,433.9751,12,High Sales - High Profit
Bart Watters,4750.358,921.2574,8,High Sales - High Profit
Becky Castell,2933.676,251.5974,9,High Sales - High Profit
Becky Martin,11789.63,-1659.9580999999998,4,High Sales - Low Profit
Becky Pak,1697.8609999999999,647.3847000000001,6,Low Sales - High Profit
Ben Ferrer,5907.972,1538.2127,11,High Sales - High Profit
Ben Peterman,3675.861,363.5991,9,High Sales - High Profit
Ben Wallace,1738.406,246.9973,6,Low Sales - High Profit
Benjamin Farhat,1585.162,523.2133,4,Low Sales - High Profit
Benjamin Patterson,1181.49,-197.2695,5,Low Sales - Low Profit
Benjamin Venier,1523.2730000000001,315.2214,5,Low Sales - High Profit
Berenike Kampe,659.1379999999999,-63.764399999999995,6,Low Sales - Low Profit
Beth Fritzler,791.9899999999999,25.870199999999997,3,Low Sales - Low Profit
Beth Paige,2475.157,-319.0637,7,High Sales - Low Profit
Beth Thompson,2567.656,417.5918,5,High Sales - High Profit
Bill Donatelli,5718.521,1094.5037,12,High Sales - High Profit
Bill Eplett,4204.676,1487.7739000000001,5,High Sales - High Profit
Bill Overfelt,2682.728,278.77700000000004,5,High Sales - High Profit
Bill Shonely,10501.653,2616.0643999999998,5,High Sales - High Profit
Bill Stewart,3887.834,-17.532200000000024,5,High Sales - Low Profit
Bill Tyler,2186.6130000000003,257.9163,6,Low Sales - High Profit
Bobby Elias,2261.438,755.9150999999999,5,High Sales - High Profit
Bobby Odegard,130.83,59.4522,2,Low Sales - Low Profit
Bobby Trafton,603.876,-77.5256,4,Low Sales - Low Profit
Brad Eason,1727.652,139.20080000000002,6,Low Sales - Low Profit
Brad Norvell,265.296,36.6131,4,Low Sales - Low Profit
Brad Thomas,415.19599999999997,126.8694,2,Low Sales - Low Profit
Bradley Drucker,4411.2429999999995,1142.1225,6,High Sales - High Profit
Bradley Nguyen,1459.344,340.7054,5,Low Sales - High Profit
Bradley Talbott,2684.4919999999997,409.4983,5,High Sales - High Profit
Brenda Bowman,6765.728,1015.0749999999999,9,High Sales - High Profit
Brendan Dodson,320.54,116.714,2,Low Sales - Low Profit
Brendan Murry,808.162,95.58160000000001,6,Low Sales - Low Profit
Brendan Sweed,2454.928,381.7807,6,High Sales - High Profit
Brian Dahlen,3288.471,634.8463,7,High Sales - High Profit
Brian DeCherney,1538.11,206.75689999999997,6,Low Sales - Low Profit
Brian Derr,582.646,141.53400000000002,3,Low Sales - Low Profit
Brian Moss,7294.185,2199.2781,11,High Sales - High Profit
Brian Stugart,3288.1099999999997,238.73680000000002,3,High Sales - High Profit
Brian Thompson,3196.752,447.74839999999995,7,High Sales - High Profit
Brooke Gillingham,1874.172,107.5715,6,Low Sales - Low Profit
Brosina Hoffman,6255.351,802.7898,8,High Sales - High Profit
Bruce Degenhardt,1526.5,333.9791,6,Low Sales - High Profit
Bruce Geld,1006.356,119.34790000000001,6,Low Sales - Low Profit
Bruce Stewart,2562.382,-113.29840000000003,7,High Sales - Low Profit
Bryan Davis,658.466,141.265,6,Low Sales - Low Profit
Bryan Mills,1338.842,137.7439,10,Low Sales - Low Profit
Bryan Spruell,949.4300000000001,194.0516,2,Low Sales - Low Profit
Candace McMahon,1673.888,214.463,6,Low Sales - Low Profit
Cari Sayre,1278.954,185.3776,5,Low Sales - Low Profit
Cari Schnelling,537.632,105.8275,6,Low Sales - Low Profit
Carl Jackson,16.52,1.652,1,Low Sales - Low Profit
Carl Ludwig,1262.0140000000001,328.0847,4,Low Sales - High Profit
Carl Weiss,1136.592,370.8298,6,Low Sales - High Profit
Carlos Daly,2033.968,426.661,5,Low Sales - High Profit
Carlos Meador,565.392,-43.732400000000005,2,Low Sales - Low Profit
Carlos Soltero,3036.547,-126.4223,11,High Sales - Low Profit
Carol Adams,3789.7228,1143.3817,6,High Sales - High Profit
Carol Darley,639.766,-206.7172,3,Low Sales - Low Profit
Carol Triggs,3241.898,161.22629999999995,8,High Sales - Low Profit
Caroline Jumper,11164.974,858.7414,8,High Sales - High Profit
Cassandra Brandow,6076.139,150.2089,10,High Sales - Low Profit
Catherine Glotzbach,904.4680000000001,86.5106,6,Low Sales - Low Profit
Cathy Armstrong,1679.7240000000002,211.2559,5,Low Sales - Low Profit
Cathy Hwang,1537.236,195.15109999999999,3,Low Sales - Low Profit
Cathy Prescott,5402.254,427.0258,8,High Sales - High Profit
Chad Cunningham,1770.945,208.5912,6,Low Sales - Low Profit
Chad McGuire,1661.6100000000001,409.0679,4,Low Sales - High Profit
Chad Sievert,884.64,143.8339,4,Low Sales - Low Profit
Charles Crestani,2471.65,392.2825,7,High Sales - High Profit
Charles McCrossin,2533.314,-394.3686,6,High Sales - Low Profit
Charles Sheldon,844.4580000000001,113.1405,5,Low Sales - Low Profit
Charlotte Melton,1475.144,91.2033,6,Low Sales - Low Profit
Chloris Kastensmidt,3154.855,141.2831,13,High Sales - Low Profit
Chris Cortes,3913.418,393.9618,12,High Sales - High Profit
Chris McAfee,2305.712,365.0387,5,High Sales - High Profit
Chris Selesnick,2754.216,738.3626,12,High Sales - High Profit
Christina Anderson,2648.2872,279.6183,9,High Sales - High Profit
Christina DeMoss,1205.584,233.0274,2,Low Sales - High Profit
Christina VanderZanden,2830.6279999999997,493.0861,5,High Sales - High Profit
Christine Abelman,1421.954,246.02179999999998,4,Low Sales - High Profit
Christine Kargatis,2945.321,261.22090000000003,5,High Sales - High Profit
Christine Phan,5888.275,-1850.3029000000001,8,High Sales - Low Profit
Christine Sundaresam,3202.1620000000003,831.9432,11,High Sales - High Profit
Christopher Conant,12129.072000000002,2177.0493,5,High Sales - High Profit
Christopher Martinez,8954.019999999999,3899.8903999999998,4,High Sales - High Profit
Christopher Schild,3651.8585000000003,-342.80330000000004,9,High Sales - Low Profit
Christy Brittain,1949.2,272.3883,8,Low Sales - High Profit
Chuck Clark,2870.05,424.6583,10,High Sales - High Profit
Chuck Magee,287.99,64.4296,3,Low Sales - Low Profit
Chuck Sachs,550.644,156.2593,2,Low Sales - Low Profit
Cindy Chapman,1659.438,154.851,9,Low Sales - Low Profit
Cindy Schnelling,1077.2285,-302.8761,4,Low Sales - Low Profit
Cindy Stewart,5690.054999999999,-6626.389499999999,6,High Sales - Low Profit
Claire Gute,1148.7800000000002,169.93439999999998,3,Low Sales - Low Profit
Claudia Bergmann,4246.4555,1049.5601,8,High Sales - High Profit
Clay Cheatham,113.832,33.870599999999996,3,Low Sales - Low Profit
Clay Ludtke,10880.546,1933.7830999999999,12,High Sales - High Profit
Clay Rozendal,2148.852,74.40129999999999,4,Low Sales - Low Profit
Clytie Kelty,2372.75,497.70980000000003,11,High Sales - High Profit
Corey Catlett,2540.631,331.434,7,High Sales - High Profit
Corey Roper,475.9,144.7594,3,Low Sales - Low Profit
Corey-Lock,1300.076,205.62820000000002,5,Low Sales - Low Profit
Corinna Mitchell,6339.5576,1572.4585,6,High Sales - High Profit
Craig Carreira,2269.7015,187.8399,7,High Sales - Low Profit
Craig Carroll,2854.1150000000002,850.1591,4,High Sales - High Profit
Craig Leslie,2353.586,229.00990000000002,5,High Sales - High Profit
Craig Molinari,3984.4524,176.3108,4,High Sales - Low Profit
Craig Reiter,1600.55,306.9176,4,Low Sales - High Profit
Craig Yedwab,2900.026,60.64670000000001,8,High Sales - Low Profit
Cyma Kinney,1582.109,-338.4311,9,Low Sales - Low Profit
Cynthia Arntzen,3041.566,204.48950000000002,7,High Sales - Low Profit
Cynthia Delaney,1860.732,403.8422,5,Low Sales - High Profit
Cynthia Voltz,2370.3136,98.99749999999999,9,High Sales - Low Profit
Cyra Reiten,1397.8724,83.27029999999999,3,Low Sales - Low Profit
Damala Kotsonis,3256.48,881.1228000000001,12,High Sales - High Profit
Dan Campbell,3336.168,-1441.6312999999998,9,High Sales - Low Profit
Dan Lawera,1503.112,322.2449,8,Low Sales - High Profit
Dan Reichenbach,6528.034000000001,1641.8613,9,High Sales - High Profit
Dana Kaydos,4282.176,937.6496,5,High Sales - High Profit
Daniel Byrd,2171.599,431.3748,8,Low Sales - High Profit
Daniel Lacy,3272.2,4.213200000000029,6,High Sales - Low Profit
Daniel Raglin,8350.868,2869.0759999999996,8,High Sales - High Profit
Dario Medina,1322.034,108.7583,7,Low Sales - Low Profit
Darren Budd,2839.2272,213.00289999999998,5,High Sales - Low Profit
Darren Koutras,1687.04,-107.35379999999998,5,Low Sales - Low Profit
Darren Powers,1050.636,241.4524,9,Low Sales - High Profit
Darrin Martin,6345.103,1677.3931,7,High Sales - High Profit
Darrin Sayre,1762.213,193.3319,4,Low Sales - Low Profit
Darrin Van Huff,1119.483,-427.184,5,Low Sales - Low Profit
Dave Brooks,4531.646,473.0272,7,High Sales - High Profit
Dave Hallsten,4932.872,1193.7404,6,High Sales - High Profit
Dave Kipp,2650.557,536.3935,7,High Sales - High Profit
Dave Poirier,2215.002,563.1761,8,Low Sales - High Profit
David Bremer,2973.094,-1421.7692,7,High Sales - Low Profit
David Flashing,2390.534,-259.3097,3,High Sales - Low Profit
David Kendrick,797.832,249.9447,2,Low Sales - High Profit
David Philippe,1058.616,-40.93759999999999,2,Low Sales - Low Profit
David Smith,2881.8128,163.6993,9,High Sales - Low Profit
David Wiener,1080.751,-86.87379999999999,6,Low Sales - Low Profit
Dean Braden,2332.577,169.9679,10,High Sales - Low Profit
Dean Katz,4802.394,209.89940000000004,9,High Sales - Low Profit
Dean percer,7198.7609999999995,333.36479999999995,11,High Sales - High Profit
Deanra Eno,2550.874,464.47139999999996,5,High Sales - High Profit
Deborah Brumfield,4655.897,841.8263999999999,8,High Sales - High Profit
Debra Catini,1174.618,132.06820000000002,5,Low Sales - Low Profit
Deirdre Greer,3195.818,562.7761,5,High Sales - High Profit
Delfina Latchford,1458.258,288.8732,8,Low Sales - High Profit
Denise Leinenbach,585.02,222.6812,4,Low Sales - Low Profit
Denise Monton,4074.4719999999998,1319.0586,8,High Sales - High Profit
Dennis Bolton,1081.466,291.0085,5,Low Sales - High Profit
Dennis Kane,3318.486,377.0799,8,High Sales - High Profit
Dennis Pardue,5480.723999999999,1571.8318,9,High Sales - High Profit
Denny Blanton,1711.692,438.9092,4,Low Sales - High Profit
Denny Joy,2012.52,483.03499999999997,4,Low Sales - High Profit
Denny Ordway,1300.0315,-38.90860000000001,9,Low Sales - Low Profit
Dianna Arnett,156.76,56.7904,4,Low Sales - Low Profit
Dianna Vittorini,3341.587,353.2127,6,High Sales - High Profit
Dianna Wilson,5271.628,1348.7556,5,High Sales - High Profit
Dionis Lloyd,3539.322,-52.78799999999997,8,High Sales - Low Profit
Don Jones,2501.6879999999996,345.2521,8,High Sales - High Profit
Don Miller,1376.792,199.7688,3,Low Sales - Low Profit
Don Weiss,344.08,69.6672,5,Low Sales - Low Profit
Dorothy Badders,3908.8028,109.32700000000001,7,High Sales - Low Profit
Dorothy Dickinson,269.542,36.4344,6,Low Sales - Low Profit
Dorothy Wardle,1204.854,-266.8966,7,Low Sales - Low Profit
Dorris liebe,755.602,175.2388,5,Low Sales - Low Profit
Doug Bickford,1989.05,438.80119999999994,7,Low Sales - High Profit
Doug Jacobs,3356.398,731.5644,3,High Sales - High Profit
Doug O'Connell,1267.316,294.0676,7,Low Sales - High Profit
Duane Benoit,1155.202,177.67350000000002,7,Low Sales - Low Profit
Duane Huffman,1043.096,116.667,4,Low Sales - Low Profit
Duane Noonan,2139.79,540.5405000000001,7,Low Sales - High Profit
Ed Braxton,3644.978,13.621500000000005,9,High Sales - Low Profit
Ed Jacobs,2162.174,387.0176,4,Low Sales - High Profit
Ed Ludwig,124.28,27.1154,2,Low Sales - Low Profit
Edward Becker,3236.314,-80.28599999999999,10,High Sales - Low Profit
Edward Hooks,10310.880000000001,1393.5154,12,High Sales - High Profit
Edward Nazzal,2199.366,496.1131,4,Low Sales - High Profit
Eileen Kiefer,1303.478,97.10659999999999,4,Low Sales - Low Profit
Eleni McCrary,2567.0099999999998,-133.8275,5,High Sales - Low Profit
Elizabeth Moffitt,2339.598,682.5541999999999,8,High Sales - High Profit
Ellis Ballard,4358.128,656.1988,5,High Sales - High Profit
Elpida Rittenbach,1245.788,-295.7398,3,Low Sales - Low Profit
Emily Burns,2767.219,261.5315,10,High Sales - High Profit
Emily Ducich,3484.92,670.4435000000001,8,High Sales - High Profit
Emily Grady,1832.02,104.2656,5,Low Sales - Low Profit
Emily Phan,5478.0608,144.9578,17,High Sales - Low Profit
Eric Barreto,944.6000000000001,0.6042000000000058,5,Low Sales - Low Profit
Eric Hoffmann,684.1709999999999,53.53980000000001,8,Low Sales - Low Profit
Eric Murdock,933.704,102.29599999999999,5,Low Sales - Low Profit
Erica Bern,1643.255,162.8781,4,Low Sales - Low Profit
Erica Hackney,825.9499999999999,150.3759,6,Low Sales - Low Profit
Erica Hernandez,1219.53,-94.14079999999997,7,Low Sales - Low Profit
Erica Smith,3510.4579999999996,1003.2935,5,High Sales - High Profit
Erin Ashbrook,2846.705,-52.74059999999998,13,High Sales - Low Profit
Erin Creighton,461.914,96.4256,5,Low Sales - Low Profit
Erin Mull,228.99,40.15459999999999,4,Low Sales - Low Profit
Erin Smith,4657.924,246.6661,9,High Sales - High Profit
Eudokia Martin,1041.0420000000001,240.2362,4,Low Sales - High Profit
Eugene Barchas,3071.126,184.7656,6,High Sales - Low Profit
Eugene Hildebrand,3082.653,96.27019999999999,10,High Sales - Low Profit
Eugene Moren,4588.436000000001,1319.3655,6,High Sales - High Profit
Eva Jacobs,2656.691,451.87550000000005,5,High Sales - High Profit
Evan Bailliet,1186.326,282.1701,6,Low Sales - High Profit
Evan Henry,923.884,242.1107,6,Low Sales - High Profit
Evan Minnotte,366.822,21.7721,3,Low Sales - Low Profit
Filia McAdams,2456.638,249.6808,10,High Sales - High Profit
Frank Atkinson,2984.054,520.5229,7,High Sales - High Profit
Frank Carlisle,3418.742,1217.1662000000001,7,High Sales - High Profit
Frank Gastineau,1383.144,394.73969999999997,7,Low Sales - High Profit
Frank Hawley,4256.272,1073.2676,10,High Sales - High Profit
Frank Merwin,3736.198,198.10949999999997,9,High Sales - Low Profit
Frank Olsen,2678.438,215.59689999999998,10,High Sales - Low Profit
Frank Preis,4046.746,406.44730000000004,8,High Sales - High Profit
Fred Chung,3889.366,714.2926,7,High Sales - High Profit
Fred Harton,2271.284,706.289,4,High Sales - High Profit
Fred Hopkins,6987.196,2050.2826,8,High Sales - High Profit
Fred McMath,2523.266,191.4898,9,High Sales - Low Profit
Fred Wasserman,79.75,23.491300000000003,3,Low Sales - Low Profit
Gary Hansen,2819.4669999999996,-576.8335,9,High Sales - Low Profit
Gary Hwang,4172.8460000000005,1176.4181,4,High Sales - High Profit
Gary McGarr,3582.8199999999997,347.266,7,High Sales - High Profit
Gary Mitchum,3078.624,793.2814000000001,6,High Sales - High Profit
Gary Zandusky,4355.150000000001,1087.7539,9,High Sales - High Profit
Gene Hale,1361.2440000000001,-95.4498,2,Low Sales - Low Profit
Gene McClure,1255.682,441.3185,10,Low Sales - High Profit
George Ashbrook,3919.7760000000003,840.899,8,High Sales - High Profit
George Bell,1568.44,7.837100000000003,11,Low Sales - Low Profit
George Zrebassa,2454.6220000000003,828.661,4,High Sales - High Profit
Georgia Rosenberg,1284.38,359.83320000000003,2,Low Sales - High Profit
Giulietta Baptist,4716.288,1135.8393,5,High Sales - High Profit
Giulietta Dortch,1888.07,230.93729999999996,4,Low Sales - High Profit
Giulietta Weimer,2189.019,-268.54229999999995,7,Low Sales - Low Profit
Grace Kelly,6497.27,1448.5525,9,High Sales - High Profit
Grant Thornton,9351.212,-4108.6589,3,High Sales - Low Profit
Greg Guthrie,2224.0,12.698500000000008,9,Low Sales - Low Profit
Greg Hansen,146.94080000000002,-5.810200000000001,2,Low Sales - Low Profit
Greg Matthias,3163.628,35.48649999999999,6,High Sales - Low Profit
Greg Maxwell,6049.966,188.7235,3,High Sales - Low Profit
Greg Tran,11820.119999999999,2163.4269,11,High Sales - High Profit
Guy Armstrong,1398.382,136.70790000000002,11,Low Sales - Low Profit
Guy Phonely,236.53,31.837600000000002,2,Low Sales - Low Profit
Guy Thornton,226.436,-6.139200000000002,4,Low Sales - Low Profit
Hallie Redmond,1299.288,185.5794,5,Low Sales - Low Profit
Harold Dahlen,251.36,-135.87599999999998,3,Low Sales - Low Profit
Harold Engle,883.5319999999999,274.4028,4,Low Sales - High Profit
Harold Pawlan,1990.314,373.8637,7,Low Sales - High Profit
Harold Ryan,5248.787,1196.9504,7,High Sales - High Profit
Harry Greene,785.628,147.0032,5,Low Sales - Low Profit
Harry Marie,8236.7648,2437.9836,10,High Sales - High Profit
Heather Jas,358.1,98.6548,5,Low Sales - Low Profit
Heather Kirkland,4877.784,956.9451,8,High Sales - High Profit
Helen Abelman,2163.3,270.8574,7,Low Sales - High Profit
Helen Andreada,2584.158,99.1445,8,High Sales - Low Profit
Helen Wasserman,9300.254,2164.1611,8,High Sales - High Profit
Henia Zydlo,886.52,-130.3879,5,Low Sales - Low Profit
Henry Goldwyn,3247.642,-2797.9635000000003,12,High Sales - Low Profit
Henry MacAllister,736.276,117.2755,4,Low Sales - Low Profit
Herbert Flentye,2533.1639999999998,-13.876799999999989,7,High Sales - Low Profit
Hilary Holden,218.668,86.7342,2,Low Sales - Low Profit
Hunter Glantz,3690.284,804.6113,7,High Sales - High Profit
Hunter Lopez,12873.297999999999,5622.4292000000005,6,High Sales - High Profit
Ionia McGrath,2872.63,975.7701,3,High Sales - High Profit
Irene Maddox,4930.474,514.6527,7,High Sales - High Profit
Ivan Gibson,744.574,320.4982,4,Low Sales - High Profit
Ivan Liston,5040.736,1121.937,7,High Sales - High Profit
Jack Garza,2358.676,684.1911,3,High Sales - High Profit
Jack Lebron,1214.956,-207.79559999999998,6,Low Sales - Low Profit
Jack O'Briant,3254.949,581.4045,9,High Sales - High Profit
James Galang,6366.392,1415.6664,11,High Sales - High Profit
James Lanier,1571.523,209.2817,5,Low Sales - Low Profit
Jamie Frazer,2279.5860000000002,575.1259,7,High Sales - High Profit
Jamie Kunitz,4427.142,1219.983,5,High Sales - High Profit
Jane Waco,7721.714,2173.7093999999997,6,High Sales - High Profit
Janet Lee,2203.7,54.51740000000002,5,Low Sales - Low Profit
Janet Martin,3159.1220000000003,19.82350000000004,6,High Sales - Low Profit
Janet Molinari,1804.146,502.6143,5,Low Sales - High Profit
Jas O'Carroll,1934.272,202.13619999999997,6,Low Sales - Low Profit
Jason Fortune-,955.124,97.28899999999999,5,Low Sales - Low Profit
Jason Gross,2240.58,3.7976000000000063,6,Low Sales - Low Profit
Jason Klamczynski,383.812,55.32769999999999,3,Low Sales - Low Profit
Jasper Cacioppo,71.263,-0.35560000000000036,4,Low Sales - Low Profit
Jay Fein,1911.844,330.199,6,Low Sales - High Profit
Jay Kimmel,2709.632,330.2838,8,High Sales - High Profit
Jenna Caffey,1058.108,502.92440000000005,1,Low Sales - High Profit
Jennifer Braxton,1791.605,156.05319999999998,10,Low Sales - Low Profit
Jennifer Ferguson,2371.448,635.6376,6,High Sales - High Profit
Jennifer Halladay,309.281,-24.077100000000005,4,Low Sales - Low Profit
Jennifer Jackson,709.178,200.5558,5,Low Sales - Low Profit
Jennifer Patt,1669.135,429.7465,7,Low Sales - High Profit
Jeremy Ellison,1388.682,276.2197,6,Low Sales - High Profit
Jeremy Farry,1082.918,-18.06730000000001,11,Low Sales - Low Profit
Jeremy Lonsdale,3173.874,591.7163,6,High Sales - High Profit
Jeremy Pistek,3635.594,757.1802,7,High Sales - High Profit
Jessica Myrick,1733.443,356.5395,7,Low Sales - High Profit
Jesus Ocampo,1090.838,167.6709,5,Low Sales - Low Profit
Jill Fjeld,4198.332,1073.2088,8,High Sales - High Profit
Jill Matthias,303.948,113.1204,5,Low Sales - Low Profit
Jill Stevenson,1417.654,-175.54899999999998,4,Low Sales - Low Profit
Jim Epp,7754.976,1623.4019,7,High Sales - High Profit
Jim Karlsson,3760.028,750.9485,7,High Sales - High Profit
Jim Kriz,4760.434,1172.5303,9,High Sales - High Profit
Jim Mitchum,864.947,117.20400000000001,5,Low Sales - Low Profit
Jim Radford,1156.658,-785.1645,2,Low Sales - Low Profit
Jim Sink,1131.0639999999999,-54.8692,4,Low Sales - Low Profit
Jocasta Rupert,863.88,107.985,1,Low Sales - Low Profit
Joe Elijah,8697.842999999999,1262.2926,10,High Sales - High Profit
Joe Kamberova,4867.2,55.0483,10,High Sales - Low Profit
Joel Eaton,6760.8150000000005,221.79670000000002,13,High Sales - Low Profit
Joel Jenkins,195.0,34.449200000000005,2,Low Sales - Low Profit
John Castell,2772.055,279.56919999999997,9,High Sales - High Profit
John Dryer,2152.352,-266.55249999999995,5,Low Sales - Low Profit
John Grady,1507.018,206.1019,6,Low Sales - Low Profit
John Huston,528.91,26.082199999999997,6,Low Sales - Low Profit
John Lee,9799.923,228.907,11,High Sales - High Profit
John Lucas,2725.256,779.9046,6,High Sales - High Profit
John Murray,7625.076000000001,1574.6163999999999,7,High Sales - High Profit
John Stevenson,3868.02,564.9798000000001,5,High Sales - High Profit
Jonathan Doherty,7610.8640000000005,1050.2667999999999,11,High Sales - High Profit
Jonathan Howell,959.477,-13.554499999999996,7,Low Sales - Low Profit
Joni Blumstein,900.552,-286.9808,3,Low Sales - Low Profit
Joni Sundaresam,469.169,-327.9336,5,Low Sales - Low Profit
Joni Wasserman,1244.086,-29.575899999999987,7,Low Sales - Low Profit
Joseph Airdo,6491.026,-819.4217000000001,8,High Sales - Low Profit
Joseph Holt,7954.9980000000005,-644.6982,6,High Sales - Low Profit
Joy Bell-,644.1188,126.76490000000001,7,Low Sales - Low Profit
Joy Daniels,385.43,26.7605,6,Low Sales - Low Profit
Joy Smith,2516.494,-311.25749999999994,6,High Sales - Low Profit
Julia Barnett,2518.115,201.51850000000002,5,High Sales - Low Profit
Julia Dunbar,695.442,111.11410000000001,3,Low Sales - Low Profit
Julia West,1428.731,154.06369999999998,4,Low Sales - Low Profit
Juliana Krohn,3747.668,586.6625,3,High Sales - High Profit
Julie Creighton,858.576,201.5952,5,Low Sales - Low Profit
Julie Kriz,2932.484,122.6566,10,High Sales - Low Profit
Julie Prescott,1707.71,309.7116,9,Low Sales - High Profit
Justin Deggeller,8828.0305,1619.5199,8,High Sales - High Profit
Justin Ellison,2697.248,789.6476,3,High Sales - High Profit
Justin Hirsh,2256.3940000000002,-96.95300000000002,4,High Sales - Low Profit
Justin MacKendrick,2833.9260000000004,754.1144,10,High Sales - High Profit
Justin Ritter,2201.686,452.37300000000005,5,Low Sales - High Profit
Kalyca Meade,2260.958,635.1057000000001,6,High Sales - High Profit
Karen Bern,3152.6150000000002,763.9076,7,High Sales - High Profit
Karen Carlisle,2120.954,846.1217,6,Low Sales - High Profit
Karen Daniels,8282.358,1107.6952000000003,5,High Sales - High Profit
Karen Ferguson,10604.266,1660.1386,7,High Sales - High Profit
Karen Seio,88.472,0.11099999999999888,3,Low Sales - Low Profit
Karl Braun,1569.464,49.71929999999999,9,Low Sales - Low Profit
Katharine Harms,3312.864,454.7871,8,High Sales - High Profit
Katherine Ducich,1888.964,328.5942,6,Low Sales - High Profit
Katherine Hughes,3100.612,528.2051,6,High Sales - High Profit
Katherine Murray,5620.186,973.7901999999999,8,High Sales - High Profit
Katherine Nockton,2617.272,-151.1518,9,High Sales - Low Profit
Katrina Bavinger,908.821,274.297,3,Low Sales - High Profit
Katrina Edelman,1686.7312,397.87989999999996,8,Low Sales - High Profit
Katrina Willman,4416.5199999999995,1756.135,5,High Sales - High Profit
Kean Nguyen,2171.962,114.3083,5,Low Sales - Low Profit
Kean Takahito,3057.1,254.0032,7,High Sales - High Profit
Kean Thornton,4642.088400000001,194.0671,10,High Sales - Low Profit
Keith Dawkins,8181.256,3038.6254,12,High Sales - High Profit
Keith Herrera,5952.859,656.1162,7,High Sales - High Profit
Kelly Andreada,1519.506,234.9194,7,Low Sales - High Profit
Kelly Collister,3908.262,709.4219,4,High Sales - High Profit
Kelly Lampkin,5016.488,-182.78130000000002,8,High Sales - Low Profit
Kelly Williams,449.096,107.92699999999999,4,Low Sales - Low Profit
Ken Black,2744.742,579.3551,12,High Sales - High Profit
Ken Brennan,983.922,293.55240000000003,7,Low Sales - High Profit
Ken Dana,2243.5099999999998,539.7219,5,Low Sales - High Profit
Ken Heidel,3918.9660000000003,727.3786,9,High Sales - High Profit
Ken Lonsdale,14175.229000000001,806.855,12,High Sales - High Profit
Khloe Miller,453.538,91.1391,5,Low Sales - Low Profit
Kimberly Carter,1146.05,156.7797,4,Low Sales - Low Profit
Kristen Hastings,5990.799,1227.5091,7,High Sales - High Profit
Kristina Nunn,2280.58,329.76250000000005,8,High Sales - High Profit
Kunst Miller,4909.472,745.7685,8,High Sales - High Profit
Larry Blacks,50.188,18.6507,3,Low Sales - Low Profit
Larry Hughes,287.426,12.627699999999999,3,Low Sales - Low Profit
Larry Tron,329.876,59.036,3,Low Sales - Low Profit
Laura Armstrong,8673.222,2059.1199,11,High Sales - High Profit
Laurel Beltran,4985.676,-52.19099999999998,8,High Sales - Low Profit
Laurel Elliston,1469.45,161.76489999999998,6,Low Sales - Low Profit
Laurel Workman,2238.061,32.5767,5,Low Sales - Low Profit
Lauren Leatherbury,2741.2039999999997,560.0078,6,High Sales - High Profit
Lela Donovan,5.304,0.4641,1,Low Sales - Low Profit
Lena Cacioppo,2580.7039999999997,-188.25110000000004,8,High Sales - Low Profit
Lena Creighton,7663.126,1288.3469,12,High Sales - High Profit
Lena Hernandez,2295.332,526.0727,9,High Sales - High Profit
Lena Radford,5142.892,535.4764,6,High Sales - High Profit
Linda Cazamias,4492.946,288.26599999999996,8,High Sales - High Profit
Linda Southworth,2845.27,-318.77369999999996,6,High Sales - Low Profit
Lindsay Castell,3246.626,299.48019999999997,4,High Sales - High Profit
Lindsay Shagiari,2988.674,262.63669999999996,9,High Sales - High Profit
Lindsay Williams,3230.308,662.8339000000001,6,High Sales - High Profit
Lisa DeCherney,1961.934,557.1714,4,Low Sales - High Profit
Lisa Hazard,318.239,-242.73989999999998,4,Low Sales - Low Profit
Lisa Ryan,1879.306,-382.8079,5,Low Sales - Low Profit
Liz Carlisle,2095.064,86.77799999999999,5,Low Sales - Low Profit
Liz MacKendrick,1346.774,-44.87799999999999,5,Low Sales - Low Profit
Liz Pelletier,756.606,110.7813,4,Low Sales - Low Profit
Liz Preis,3653.399,338.44539999999995,7,High Sales - High Profit
Liz Thompson,2936.252,320.973,8,High Sales - High Profit
Liz Willingham,1259.04,192.6312,3,Low Sales - Low Profit
Logan Currie,2633.582,231.12520000000004,9,High Sales - High Profit
Logan Haushalter,1739.689,316.5202,9,Low Sales - High Profit
Lori Olson,644.35,150.1712,5,Low Sales - Low Profit
Luke Foster,3930.5089999999996,-3583.977,7,High Sales - Low Profit
Luke Schmidt,1010.2560000000001,244.197,6,Low Sales - High Profit
Luke Weiss,5420.514,837.2411,7,High Sales - High Profit
Lycoris Saunders,368.88000000000005,39.1952,3,Low Sales - Low Profit
Lynn Smith,1008.1360000000001,348.3584,6,Low Sales - High Profit
Magdelene Morse,1314.023,178.402,4,Low Sales - Low Profit
Marc Crier,2725.982,461.0014,8,High Sales - High Profit
Marc Harrigan,2394.025,28.761200000000038,6,High Sales - Low Profit
Maria Bertelson,1548.702,212.425,10,Low Sales - Low Profit
Maria Etezadi,10663.728000000001,1859.4695,10,High Sales - High Profit
Maria Zettner,593.606,85.01910000000001,4,Low Sales - Low Profit
Maribeth Dona,3766.382,-241.94999999999996,7,High Sales - Low Profit
Maribeth Schnelling,7443.6900000000005,844.9354999999998,10,High Sales - High Profit
Maribeth Yedwab,2254.285,319.1211,7,Low Sales - High Profit
Marina Lichtenstein,2722.843,684.9162,9,High Sales - High Profit
Maris LaWare,2921.5,-76.17550000000003,6,High Sales - Low Profit
Mark Cousins,4432.138,1802.3903,5,High Sales - High Profit
Mark Haberlin,400.016,61.428599999999996,4,Low Sales - Low Profit
Mark Hamilton,2456.1820000000002,484.77330000000006,8,High Sales - High Profit
Mark Packer,3206.132,600.2873,7,High Sales - High Profit
Mark Van Huff,1560.05,189.0258,9,Low Sales - Low Profit
Mary O'Rourke,922.487,59.357699999999994,4,Low Sales - Low Profit
Mary Zewe,2564.906,787.7503,6,High Sales - High Profit
MaryBeth Skach,475.65599999999995,84.0268,4,Low Sales - Low Profit
Mathew Reese,639.178,162.9363,4,Low Sales - Low Profit
Matt Abelman,4299.161,1240.2266,11,High Sales - High Profit
Matt Collins,1303.893,210.7493,8,Low Sales - Low Profit
Matt Collister,2426.067,288.98409999999996,6,High Sales - High Profit
Matt Connell,2258.192,195.4486,8,High Sales - Low Profit
Matt Hagelstein,1252.8,122.3612,4,Low Sales - Low Profit
Matthew Clasen,795.154,-247.94350000000003,4,Low Sales - Low Profit
Matthew Grinstein,3785.276,341.898,7,High Sales - High Profit
Maureen Fritzler,937.039,-341.52650000000006,5,Low Sales - Low Profit
Maureen Gastineau,2350.188,25.888599999999972,4,High Sales - Low Profit
Maureen Gnade,1342.282,-398.79319999999996,3,Low Sales - Low Profit
Maurice Satty,1613.402,247.4348,6,Low Sales - High Profit
Max Engle,1908.4532,77.81280000000001,8,Low Sales - Low Profit
Max Jones,6320.746,1054.5529000000001,7,High Sales - High Profit
Max Ludwig,2071.9139999999998,409.51120000000003,7,Low Sales - High Profit
Maxwell Schwartz,3144.678,280.85839999999996,9,High Sales - High Profit
Maya Herman,2203.7780000000002,238.5614,7,Low Sales - High Profit
Meg O'Connel,1687.0269999999998,169.34369999999998,8,Low Sales - Low Profit
Meg Tillman,2890.139,509.0068,6,High Sales - High Profit
Melanie Seite,370.348,19.431199999999997,4,Low Sales - Low Profit
Michael Chen,3805.714,698.4174,7,High Sales - High Profit
Michael Dominguez,1204.91,-4.040300000000002,5,Low Sales - Low Profit
Michael Grace,1242.8329999999999,-470.7684,5,Low Sales - Low Profit
Michael Granlund,776.384,171.7372,9,Low Sales - Low Profit
Michael Kennedy,2302.368,-405.3559,8,High Sales - Low Profit
Michael Moore,3794.0800000000004,82.12499999999997,11,High Sales - Low Profit
Michael Nguyen,2477.946,290.8227,6,High Sales - High Profit
Michael Oakman,154.288,-82.0074,2,Low Sales - Low Profit
Michael Paige,3983.6420000000003,638.1563,9,High Sales - High Profit
Michael Stewart,855.116,55.226,6,Low Sales - Low Profit
Michelle Arnett,2453.284,280.7822,6,High Sales - High Profit
Michelle Ellison,1256.944,107.3604,4,Low Sales - Low Profit
Michelle Huthwaite,2984.948,476.9032,5,High Sales - High Profit
Michelle Lonsdale,742.082,138.71620000000001,3,Low Sales - Low Profit
Michelle Moray,2749.881,-520.3443,8,High Sales - Low Profit
Michelle Tran,1319.4498,-23.676300000000005,4,Low Sales - Low Profit
Mick Brown,1428.231,117.8057,7,Low Sales - Low Profit
Mick Crebagga,2218.98,-64.1668,10,Low Sales - Low Profit
Mick Hernandez,5503.093,170.9746,9,High Sales - Low Profit
Mike Caudle,1581.9979999999998,121.7565,5,Low Sales - Low Profit
Mike Gockenbach,3061.543,-93.603,4,High Sales - Low Profit
Mike Kennedy,1031.602,227.83380000000002,4,Low Sales - High Profit
Mike Pelletier,5087.92,226.4529,9,High Sales - Low Profit
Mike Vittorini,1734.574,273.8582,7,Low Sales - High Profit
Mitch Gastineau,16.739,-1.2453,1,Low Sales - Low Profit
Mitch Webber,5341.900000000001,1238.422,7,High Sales - High Profit
Mitch Willingham,5253.876,1665.516,2,High Sales - High Profit
Monica Federle,1758.3,456.86080000000004,5,Low Sales - High Profit
Muhammed Lee,162.232,42.6648,2,Low Sales - Low Profit
Muhammed MacIntyre,775.414,58.8916,9,Low Sales - Low Profit
Muhammed Yedwab,4152.696,-371.7111,11,High Sales - Low Profit
Nancy Lomonaco,1418.0900000000001,343.6381,4,Low Sales - High Profit
Naresj Patel,5529.62,1208.8890000000001,6,High Sales - High Profit
Nat Carroll,2461.404,580.3075,5,High Sales - High Profit
Nat Gilpin,1869.58,313.63349999999997,5,Low Sales - High Profit
Natalie DeCherney,4326.139,353.64549999999997,9,High Sales - High Profit
Natalie Fritzler,8322.826,-1695.9714,7,High Sales - Low Profit
Natalie Webber,7234.014,1023.123,7,High Sales - High Profit
Nathan Cano,2218.9900000000002,-2204.8072,6,Low Sales - Low Profit
Nathan Gelder,1395.9379999999999,217.0893,5,Low Sales - Low Profit
Nathan Mautz,6459.344,2751.6848999999997,7,High Sales - High Profit
Neil Ducich,2893.455,443.33680000000004,6,High Sales - High Profit
Neil Französisch,377.16200000000003,85.92779999999999,4,Low Sales - Low Profit
Neil Knudson,572.048,121.2177,7,Low Sales - Low Profit
Neola Schneider,2575.863,-12.303999999999997,4,High Sales - Low Profit
Neoma Murray,2161.979,788.9525000000001,10,Low Sales - High Profit
Nick Crebassa,8241.739,1314.758,7,High Sales - High Profit
Nick Radford,2367.277,-25.148799999999966,5,High Sales - Low Profit
Nick Zandusky,2488.31,402.4236,9,High Sales - High Profit
Nicole Brennan,273.87199999999996,24.788800000000002,2,Low Sales - Low Profit
Nicole Fjeld,2031.472,388.2131,7,Low Sales - High Profit
Nicole Hansen,2673.29,760.1666,7,High Sales - High Profit
Noah Childs,1821.742,-359.02099999999996,5,Low Sales - Low Profit
Noel Staavos,2964.823,-234.7714,13,High Sales - Low Profit
Nona Balk,1972.599,117.6429,9,Low Sales - Low Profit
Nora Paige,3908.402,514.6002,5,High Sales - High Profit
Nora Pelletier,1228.698,514.5017,6,Low Sales - High Profit
Nora Preis,7903.1825,631.2282,7,High Sales - High Profit
Odella Nelson,1567.52,-5.88900000000001,9,Low Sales - Low Profit
Olvera Toch,3818.624,-925.1203,5,High Sales - Low Profit
Pamela Coakley,1832.064,272.685,4,Low Sales - High Profit
Pamela Stobb,2181.479,-134.441,6,Low Sales - Low Profit
Parhena Norris,1467.152,192.0396,8,Low Sales - Low Profit
Patricia Hirasaki,729.648,47.8878,1,Low Sales - Low Profit
Patrick Bzostek,740.356,229.2257,3,Low Sales - High Profit
Patrick Gardner,3086.907,137.46130000000002,13,High Sales - Low Profit
Patrick Jones,1220.09,442.1355,8,Low Sales - High Profit
Patrick O'Brill,7473.8282,38.47569999999996,11,High Sales - Low Profit
Patrick O'Donnell,2493.214,437.8533,7,High Sales - High Profit
Patrick Ryan,1840.178,247.6226,5,Low Sales - High Profit
Paul Gonzalez,1987.164,334.5163,9,Low Sales - High Profit
Paul Knutson,1441.152,-798.705,2,Low Sales - Low Profit
Paul Lucas,239.481,-0.7527000000000026,5,Low Sales - Low Profit
Paul MacIntyre,1405.402,157.8768,3,Low Sales - Low Profit
Paul Prost,7252.608,1495.0854,10,High Sales - High Profit
Paul Stevenson,1278.639,198.5099,8,Low Sales - Low Profit
Paul Van Hugh,2876.046,434.52840000000003,5,High Sales - High Profit
Pauline Chand,1061.488,-184.3364,2,Low Sales - Low Profit
Pauline Johnson,1824.2340000000002,682.9979000000001,7,Low Sales - High Profit
Pauline Webber,3454.916,803.8169,10,High Sales - High Profit
Penelope Sewall,6843.634,1742.7296999999999,7,High Sales - High Profit
Pete Armstrong,729.408,225.8588,6,Low Sales - Low Profit
Pete Kriz,8646.934,2038.2676000000001,12,High Sales - High Profit
Pete Takahito,160.572,-20.0508,4,Low Sales - Low Profit
Peter Bühler,688.324,218.15970000000002,4,Low Sales - Low Profit
Peter Fuller,9062.864,-614.2943000000001,4,High Sales - Low Profit
Peter McVee,4115.662,526.7537,4,High Sales - High Profit
Philip Brown,1456.95,280.6606,8,Low Sales - High Profit
Philip Fox,2770.0,196.87389999999996,6,High Sales - Low Profit
Philisse Overcash,4893.043,1155.4331,9,High Sales - High Profit
Phillina Ober,1056.858,-49.70089999999999,5,Low Sales - Low Profit
Phillip Breyer,132.738,21.897000000000002,2,Low Sales - Low Profit
Phillip Flathmann,2206.1279999999997,591.3118000000001,5,Low Sales - High Profit
Pierre Wener,3922.4150000000004,1290.354,7,High Sales - High Profit
Quincy Jones,6108.338,1203.6768,9,High Sales - High Profit
Rachel Payne,954.6452,59.538399999999996,4,Low Sales - Low Profit
Ralph Arnett,2617.906,546.0882,9,High Sales - High Profit
Ralph Kennedy,1460.192,269.688,3,Low Sales - High Profit
Ralph Ritter,615.932,-73.835,2,Low Sales - Low Profit
Randy Bradley,1008.1959999999999,-164.40619999999998,2,Low Sales - Low Profit
Randy Ferguson,3309.15,633.7072000000001,8,High Sales - High Profit
Raymond Buch,15117.339,6976.0959,6,High Sales - High Profit
Raymond Messe,1453.474,392.1499,6,Low Sales - High Profit
Resi Pölking,5153.084,465.25030000000015,12,High Sales - High Profit
Ricardo Emerson,48.36,6.045,1,Low Sales - Low Profit
Ricardo Sperren,3221.29,633.4513999999999,5,High Sales - High Profit
Richard Bierner,2663.0860000000002,477.23990000000003,8,High Sales - High Profit
Richard Eichhorn,876.696,209.2294,5,Low Sales - Low Profit
Rick Bensley,4715.466,640.5466,12,High Sales - High Profit
Rick Duston,4272.93,480.594,8,High Sales - High Profit
Rick Hansen,3621.3759999999997,563.7877,5,High Sales - High Profit
Rick Huthwaite,6979.18,1289.4535,6,High Sales - High Profit
Rick Reed,3302.2619999999997,721.6826,6,High Sales - High Profit
Rick Wilson,7397.401,1586.6273,7,High Sales - High Profit
Ritsa Hightower,740.382,0.30570000000000164,2,Low Sales - Low Profit
Rob Beeghly,528.546,76.8879,5,Low Sales - Low Profit
Rob Dowd,2912.8940000000002,734.5158,10,High Sales - High Profit
Rob Haberlin,2085.7400000000002,172.6261,3,Low Sales - Low Profit
Rob Lucas,6234.91,488.14840000000004,8,High Sales - High Profit
Rob Williams,3279.746,698.8325,9,High Sales - High Profit
Robert Barroso,221.084,72.679,5,Low Sales - Low Profit
Robert Dilbeck,2786.632,835.772,5,High Sales - High Profit
Robert Marley,5979.0960000000005,1902.5438000000001,5,High Sales - High Profit
Robert Waldorf,3495.646,707.5503,5,High Sales - High Profit
Roger Barcio,2067.45,243.07549999999998,4,Low Sales - High Profit
Roger Demir,1419.737,207.3304,10,Low Sales - Low Profit
Roland Fjeld,2341.2960000000003,711.6168,7,High Sales - High Profit
Roland Murray,98.35,28.6879,1,Low Sales - Low Profit
Roland Schwarz,4159.7699999999995,1206.3851,8,High Sales - High Profit
Rose O'Brian,3815.478,-1262.5716000000002,7,High Sales - Low Profit
Ross Baird,5633.316000000001,-461.73319999999995,8,High Sales - Low Profit
Ross DeVincentis,1137.616,318.4625,8,Low Sales - High Profit
Roy Collins,966.409,63.991400000000006,6,Low Sales - Low Profit
Roy Französisch,945.222,280.0261,8,Low Sales - High Profit
Roy Phan,2170.716,594.5868,8,Low Sales - High Profit
Roy Skaria,22.328,9.5838,2,Low Sales - Low Profit
Ruben Ausman,3832.314,1292.8656,7,High Sales - High Profit
Ruben Dartt,3133.924,455.5292,9,High Sales - High Profit
Russell Applegate,4793.543,304.8673,9,High Sales - High Profit
Russell D'Ascenzo,970.9420000000001,35.05740000000001,4,Low Sales - Low Profit
Ryan Akin,1686.9225,-445.695,5,Low Sales - Low Profit
Ryan Crowe,885.752,10.563300000000002,6,Low Sales - Low Profit
Sally Hughsby,3406.8395,558.4739999999999,13,High Sales - High Profit
Sally Knutson,883.409,168.7933,3,Low Sales - Low Profit
Sally Matthias,244.49399999999997,-26.5927,4,Low Sales - Low Profit
Sam Craven,3362.9636,-317.0508,5,High Sales - Low Profit
Sam Zeldin,3625.329,366.43030000000005,11,High Sales - High Profit
Sample Company A,4624.572,1011.7443,9,High Sales - High Profit
Sandra Flanagan,763.5459999999999,228.1623,7,Low Sales - High Profit
Sandra Glassco,3406.5809999999997,570.438,3,High Sales - High Profit
Sanjit Chand,14142.333999999999,5757.411899999999,9,High Sales - High Profit
Sanjit Engle,12209.438000000002,2650.6769,11,High Sales - High Profit
Sanjit Jacobs,3949.656,144.1189,12,High Sales - Low Profit
Saphhira Shifley,1324.028,332.3487,8,Low Sales - High Profit
Sara Luxemburg,3053.012,527.9715,7,High Sales - High Profit
Sarah Bern,1348.02,157.6658,3,Low Sales - Low Profit
Sarah Brown,6410.996,885.4623999999999,6,High Sales - High Profit
Sarah Foster,3422.7859999999996,286.9046,9,High Sales - High Profit
Sarah Jordon,1341.036,-23.5137,6,Low Sales - Low Profit
Scot Coram,4371.9580000000005,440.14099999999996,4,High Sales - High Profit
Scot Wooten,1085.078,-19.60620000000001,7,Low Sales - Low Profit
Scott Cohen,3729.7929999999997,671.0033999999999,8,High Sales - High Profit
Scott Williamson,1966.65,332.8725,6,Low Sales - High Profit
Sean Braxton,8057.891,-2082.7451,7,High Sales - Low Profit
Sean Christensen,3979.065,229.1617,7,High Sales - High Profit
Sean Miller,25043.05,-1980.7393,5,High Sales - Low Profit
Sean O'Donnell,2602.5755,-81.0858,6,High Sales - Low Profit
Sean Wendt,1019.044,95.8383,3,Low Sales - Low Profit
Seth Vernon,11470.949999999999,1199.4242,10,High Sales - High Profit
Shahid Collister,5992.536,236.66149999999996,9,High Sales - High Profit
Shahid Hopkins,2180.718,-144.5229,10,Low Sales - Low Profit
Shahid Shariari,3056.8070000000002,-1010.9738,6,High Sales - Low Profit
Sharelle Roach,3233.481,-3333.9144,5,High Sales - Low Profit
Shaun Chance,1874.998,379.5611,7,Low Sales - High Profit
Shaun Weien,2921.544,793.6548,7,High Sales - High Profit
Sheri Gordon,1884.798,-119.0105,8,Low Sales - Low Profit
Shirley Daniels,6121.114,1985.1671999999999,9,High Sales - High Profit
Shirley Jackson,1318.776,68.09629999999999,5,Low Sales - Low Profit
Shirley Schmidt,613.4,199.93449999999999,3,Low Sales - Low Profit
Shui Tom,433.34000000000003,84.4419,7,Low Sales - Low Profit
Sibella Parks,1306.086,-118.77570000000001,6,Low Sales - Low Profit
Skye Norling,1860.418,-716.8565000000001,6,Low Sales - Low Profit
Sonia Cooley,902.7280000000001,100.2253,5,Low Sales - Low Profit
Sonia Sunley,418.49,135.5401,6,Low Sales - Low Profit
Speros Goranitis,3124.832,463.269,6,High Sales - High Profit
Stefania Perrino,5440.319,-270.42819999999995,9,High Sales - Low Profit
Stefanie Holloman,2096.392,260.6258,2,Low Sales - High Profit
Stephanie Phelps,1872.4360000000001,268.4782,9,Low Sales - High Profit
Stephanie Ulpright,2595.364,763.4719,7,High Sales - High Profit
Steve Carroll,1254.64,370.1578,6,Low Sales - High Profit
Steve Chapman,2576.408,611.8291,10,High Sales - High Profit
Steve Nguyen,3127.9592,481.74989999999997,7,High Sales - High Profit
Steven Cartwright,5226.21,1276.6513,11,High Sales - High Profit
Steven Roelle,4345.8859999999995,1990.4243999999999,8,High Sales - High Profit
Steven Ward,758.6959999999999,68.2416,2,Low Sales - Low Profit
Stewart Carmichael,4492.657,-671.1874,7,High Sales - Low Profit
Stewart Visinsky,4105.305,485.0272,9,High Sales - High Profit
Stuart Calhoun,279.25600000000003,51.8252,4,Low Sales - Low Profit
Stuart Van,1271.0900000000001,199.6502,4,Low Sales - Low Profit
Sue Ann Reed,4767.3415,610.1496000000001,10,High Sales - High Profit
Sung Chung,280.632,31.1757,2,Low Sales - Low Profit
Sung Pak,4282.94,566.7226,10,High Sales - High Profit
Sung Shariari,964.636,-75.586,5,Low Sales - Low Profit
Susan Gilcrest,47.946,-3.7073,3,Low Sales - Low Profit
Susan MacKendrick,1043.041,-237.2885,1,Low Sales - Low Profit
Susan Pistek,3990.689,14.692400000000003,6,High Sales - Low Profit
Susan Vittorini,1903.491,106.8912,8,Low Sales - Low Profit
Suzanne McNair,5563.392,581.5741999999999,12,High Sales - High Profit
Sylvia Foulston,3336.535,539.9352,9,High Sales - High Profit
Tamara Chand,19052.218,8981.323900000001,5,High Sales - High Profit
Tamara Dahlen,1434.5480000000002,88.1897,9,Low Sales - Low Profit
Tamara Manning,2955.2259999999997,573.3013,8,High Sales - High Profit
Tamara Willingham,5278.826,737.3905,7,High Sales - High Profit
Tanja Norvell,3130.221,-692.0452,7,High Sales - Low Profit
Ted Butterfield,1467.881,390.2113,5,Low Sales - High Profit
Ted Trevino,4915.602,751.9567,7,High Sales - High Profit
Thais Sissman,4.833,-3.3156,2,Low Sales - Low Profit
Thea Hendricks,2422.824,-135.2125,5,High Sales - Low Profit
Thea Hudgings,2942.772,-252.5539,4,High Sales - Low Profit
Theone Pippenger,4454.0560000000005,1129.1261,9,High Sales - High Profit
Theresa Coyne,1038.26,265.5332,1,Low Sales - High Profit
Theresa Swint,2163.6240000000003,260.87440000000004,6,Low Sales - High Profit
Thomas Boland,3589.296,829.1635,4,High Sales - High Profit
Thomas Brumley,816.1740000000001,179.0038,4,Low Sales - Low Profit
Thomas Seio,5371.09,862.8877,7,High Sales - High Profit
Thomas Thornton,1427.0439999999999,278.7371,8,Low Sales - High Profit
Tiffany House,1022.201,92.729,8,Low Sales - Low Profit
Tim Brockman,1602.376,260.6155,7,Low Sales - High Profit
Tim Taslimi,439.5,93.9162,3,Low Sales - Low Profit
Toby Braunhardt,2198.45,490.9567,6,Low Sales - High Profit
Toby Carlisle,4266.812,606.3727,8,High Sales - High Profit
Toby Gnade,3058.372,682.1704,5,High Sales - High Profit
Toby Ritter,675.9419999999999,220.36440000000002,5,Low Sales - Low Profit
Toby Swindell,974.7819999999999,-184.97889999999998,5,Low Sales - Low Profit
Todd Boyes,834.328,268.967,5,Low Sales - High Profit
Todd Sumrall,11891.751,2371.7144000000003,6,High Sales - High Profit
Tom Ashbrook,14595.62,4703.7883,4,High Sales - High Profit
Tom Boeckenhauer,9133.99,2798.3689,7,High Sales - High Profit
Tom Prescott,5329.0048,-1087.3898,5,High Sales - Low Profit
Tom Stivers,2054.14,48.70169999999999,5,Low Sales - Low Profit
Tonja Turnell,5364.808,1124.4999,7,High Sales - High Profit
Tony Chapman,1244.976,119.104,9,Low Sales - Low Profit
Tony Molinari,1094.6779999999999,292.52099999999996,3,Low Sales - High Profit
Tony Sayre,2243.274,11.377899999999983,6,Low Sales - Low Profit
Tracy Blumstein,4737.486,-1603.0451,9,High Sales - Low Profit
Tracy Collins,742.5580000000001,217.933,7,Low Sales - Low Profit
Tracy Hopkins,4234.0960000000005,-571.9678,7,High Sales - Low Profit
Tracy Poddar,1936.6399999999999,139.22869999999995,4,Low Sales - Low Profit
Tracy Zic,1707.286,224.8887,4,Low Sales - Low Profit
Troy Blackwell,1387.559,-136.4091,5,Low Sales - Low Profit
Troy Staebel,2820.424,-294.6981,7,High Sales - Low Profit
Trudy Brown,2797.668,379.882,9,High Sales - High Profit
Trudy Glocke,2074.661,365.7205,4,Low Sales - High Profit
Trudy Schmidt,3368.094,220.91629999999998,5,High Sales - Low Profit
Valerie Dominguez,6442.254,1617.7874000000002,6,High Sales - High Profit
Valerie Mitchum,2454.866,513.5269,7,High Sales - High Profit
Valerie Takahito,1736.596,-224.08889999999997,2,Low Sales - Low Profit
Vicky Freymann,847.944,-96.27799999999999,5,Low Sales - Low Profit
Victor Preis,993.9019999999999,205.3888,3,Low Sales - Low Profit
Victoria Brennan,2005.596,371.2398,6,Low Sales - High Profit
Victoria Pisteka,3360.526,-1018.7768,7,High Sales - Low Profit
Victoria Wilson,6134.0380000000005,-874.6645,10,High Sales - Low Profit
Vivek Gonzalez,846.01,143.6268,6,Low Sales - Low Profit
Vivek Grady,427.372,-52.333,5,Low Sales - Low Profit
Vivek Sundaresam,1055.981,-262.8093,4,Low Sales - Low Profit
Vivian Mathis,380.69,116.6373,5,Low Sales - Low Profit
William Brown,6160.102,714.3311,11,High Sales - High Profit
Xylona Preis,2374.658,621.23,11,High Sales - High Profit
Yana Sorensen,6720.4439999999995,1778.2923,8,High Sales - High Profit
Yoseph Carroll,5454.35,1305.629,5,High Sales - High Profit
Zuschuss Carroll,8025.707,-1032.1490000000001,13,High Sales - Low Profit
Zuschuss Donatelli,1493.944,249.1307,5,Low Sales - High Profit
